{"screen_width": 2560, "screen_height": 1440, "volume_music": 0.36129032258064514, "volume_effects": 0.09677419354838708, "volume_voice": 0.24301075268817204}