{"screen_width": 2560, "screen_height": 1440, "volume_music": 0.05591397849462365, "volume_effects": 0.06236559139784946, "volume_voice": 0.1096774193548387}